430,万,房子满五年不唯一，红本在手，交易流程快，安静
520,万,金地梅陇镇花园三期 满五年 高楼层视野开阔
680,万,莱蒙水榭春天一期 3室1厅 680万
555,万,此房方正，客厅出阳台，视野采光好，业主诚意出售
370,万,房子新装修三年  房本满三年 业主自住 保养好
787.5,万,龙华红山 精装四房 位置安静 业主诚心出售 看房
450,万,观澜 佳华领域广场 三房两厅两卫
388,万,深圳北商圈 金地梅陇镇镇三期两房，格局方正户型好
415,万,住家装修，每个地方光线都很好，无死角，楼层好。
590,万,卓能雅苑花园 满两年 朝南大阳台 看房方便
550,万,万科两房 东南向 朝花园 大阳台
298,万,优选 龙华地铁口两房 新装修 南北通 拎包入住
383,万,此房已满两年，标准两房，朝东南向，视野采光好
390,万,居家好房 风和日丽少有经典大三房两卫 朝南看花园
405,万,懿花园经典三房户型，满两年，业主自己赎楼
410,万,满五年 红本在手 朝南 中高楼层 两房
350,万,龙华 丹枫雅苑 边户两房 采光通风好 适合居住
430,万,潜龙曼海宁花园北区 2室2厅 430万
268,万,金地梅陇镇四期 一房改两房 装修好 业主诚心出售
325,万,书香门第上河坊 2室1厅 325万
235,万,龙华地铁站金侨花园精装两房，税费少，楼层好。
30,万,龙华观澜启点公寓总价低商品房，红本在手，50年产权
1050,万,观湖园精装双拼别墅，通风通透，满五年，上下四层。
375,万,金地梅陇镇四期 2房 户型方正 布局合理 采光通风好
600,万,悠山美地 双拼单证大三房 交通便利 空气好
360,万,奥宸观壹城 4室2厅 360万
220,万,富驰大厦 1室1厅 220万
190,万,绿景香颂 1室1厅 190万
720,万,精装修满二年 五房两卫  通风采光好 配套全
510,万,锦绣江南四期 3室2厅 510万
